{"type":"root","label":null,"url":"","children":[{"type":"category","label":"Homme","url":"http:\/\/localhost\/maboutique\/fr\/13-homme","children":[{"type":"category","label":"jgjg","url":"http:\/\/localhost\/maboutique\/fr\/25-jgjg","children":[],"open_in_new_window":false,"image_urls":[],"page_identifier":"category-25","current":false,"depth":2}],"open_in_new_window":false,"image_urls":[],"page_identifier":"category-13","current":false,"depth":1},{"type":"category","label":"Femme","url":"http:\/\/localhost\/maboutique\/fr\/12-femme","children":[{"type":"category","label":"Styles","url":"http:\/\/localhost\/maboutique\/fr\/15-styles","children":[{"type":"category","label":"Streetstyle","url":"http:\/\/localhost\/maboutique\/fr\/22-streetstyle","children":[],"open_in_new_window":false,"image_urls":[],"page_identifier":"category-22","current":false,"depth":3},{"type":"category","label":"Rock","url":"http:\/\/localhost\/maboutique\/fr\/24-rock","children":[],"open_in_new_window":false,"image_urls":[],"page_identifier":"category-24","current":false,"depth":3}],"open_in_new_window":false,"image_urls":[],"page_identifier":"category-15","current":false,"depth":2}],"open_in_new_window":false,"image_urls":[],"page_identifier":"category-12","current":false,"depth":1},{"type":"category","label":"Enfant","url":"http:\/\/localhost\/maboutique\/fr\/14-enfant","children":[],"open_in_new_window":false,"image_urls":[],"page_identifier":"category-14","current":false,"depth":1}],"open_in_new_window":false,"image_urls":[],"page_identifier":null,"depth":0}